[{"@type":"mappingTemplate","id":"@1","name":"Mapping_RESTV2","description":"","autoExpireObject":false,"bundleVersion":"0","assetFrsGuid":"agTOl64JBpybYgKUaJ5yMF","templateId":"@3","hasParameters":false,"valid":true,"fixedConnection":true,"hasParametersDeployed":false,"fixedConnectionDeployed":false,"isSchemaValidationEnabled":false,"tasks":0,"mappingPreviewFileRecordId":"@2","documentType":"MAPPING","allowMaxFieldLength":false,"specialCharacterSupport":false,"references":[{"@type":"reference","refObjectId":"@dSpCr0tDRAqjoUphoSwcoi","refType":"connection"},{"@type":"reference","refObjectId":"@coCoeQWFRCVkn26GgwGgso","refType":"connection"}]}]